Username,Date
LeveragedTrader,09/24/20
aivia,09/24/20
ShotSlingBots,09/24/20
tedlivingston,09/24/20
haasonline,09/24/20
CryptoChatXYZ,09/24/20
admin_20286,09/29/20
CryptoTradingBots,09/29/20
haasonline,09/29/20
coin.crypto.xrp,09/29/20
botsbyrevenyou,09/29/20
Wolfpackbot,10/01/20
coin.crypto.xrp,10/01/20
bittrexbots,10/01/20
botsbyrevenyou,10/01/20
signals.tbs,10/01/20
joeldg,10/01/20
krlosimc,10/01/20
tryITF,10/01/20
aivia,10/01/20
LiveTrader,10/01/20
napoleonx.ai,10/01/20
tryITF,10/01/20
nonlinear.poker,10/01/20
nikhilsaraf9,10/01/20
bobosapadu,10/01/20
tryITF,10/01/20
coinbotvps,10/01/20
botsbyrevenyou,10/01/20
tryITF,10/01/20
napoleonx.ai,10/01/20
